Workbook

Sheet Qual_Content_Analysis
A1: THE BARE FEMALE: Qualitative Content Analysis
A2: Coding Scale: 0 = Absent | 1 = Present | 2 = Prominent ::::: Full Text: Raw_Qual_Data
A3: # | B3: Sourch Type | C3: Content Unit Title | D3: Community Language | E3: Inner Authority References | F3: Engagement Prompts | G3: Values Alignment | H3: Exclusivity | I3: TOTAL SCORE | J3: Notable Quotes / Examples
A4: 1 | B4: Video Description | C4: Descent into the Body | Yin Yoga (Yoni Mudra) | D4: 1 | E4: 2 | F4: 1 | G4: 2 | H4: 0 | I4: =SUM(D4:H4) -> 6 | J4: "Everything you seek is already within." "into the quiet knowing of your feminine essence." "You are held. You are enough. Welcome home."
A5: 2 | B5: Video Description | C5: Restorative Evening Series: Spine & Spirals | D5: 2 | E5: 1 | F5: 2 | G5: 2 | H5: 2 | I5: =SUM(D5:H5) -> 9 | J5: "support you…with softness, presence, and care." "Come explore the full series with us on Unfold." "You are always welcome. With love, Lisa."
A6: 3 | B6: Video Description | C6: Move Through Fatigue / Exhaustion | Somatic Release | D6: 1 | E6: 2 | F6: 2 | G6: 2 | H6: 0 | I6: =SUM(D6:H6) -> 7 | J6: "sanctuary for release, allowing you to embrace both rest and rejuvenation" "empowering you to embrace your emotions with compassion, understanding, and grace."
A7: 4 | B7: Video Description | C7: Supine Yin Yoga | Deep Somatic Psoas Unwinding | D7: 1 | E7: 2 | F7: 0 | G7: 2 | H7: 0 | I7: =SUM(D7:H7) -> 5 | J7: "body's innate wisdom." "Knowing there is nothing for you to do other than to receive." "Enjoy, my loves"
A8: 5 | B8: Video Description | C8: You Are Everything | Yin & Yang Fusion | D8: 2 | E8: 1 | F8: 2 | G8: 2 | H8: 0 | I8: =SUM(D8:H8) -> 7 | J8: "we'll explore the vastness of our being." "Surrendering to the continuous journey rather than striving for a destination." "This is your space." "We can't wait to flow with you!"
A9: 6 | B9: Video Description | C9: Liquid Motion | 20 Min Fluid Embodiment Flow | D9: 2 | E9: 2 | F9: 2 | G9: 2 | H9: 2 | I9: =SUM(D9:H9) -> 10 | J9: "Exclusive course 'Embodied Love'." "authentic truth to rise to the surface." "unearth the essence of who we truly are within." "become part of our Unfold community."
A10: 7 | B10: Video Description | C10: Unraveling the Day | Somatic Evening Yoga Flow | D10: 1 | E10: 2 | F10: 0 | G10: 2 | H10: 0 | I10: =SUM(D10:H10) -> 5 | J10: "This class is an invitation." "return to yourself—exactly as you are." "Let yourself be held. By the Earth, by the movement, by yourself."
A11: 8 | B11: Community Post | C11: Return After Absence + Pregnancy Announcement | D11: 2 | E11: 1 | F11: 2 | G11: 2 | H11: 2 | I11: =SUM(D11:H11) -> 9 | J11: "still here, still breathing together." "space is always open for you." "like-minded souls come together in devotion to their practice." "discount code YOUTUBE FAMILY" "see if it resonates for you"
A12: 9 | B12: Community Post | C12: Personal Pregnancy Update + Prenatal Yoga Launch | D12: 2 | E12: 1 | F12: 2 | G12: 2 | H12: 0 | I12: =SUM(D12:H12) -> 7 | J12: "from my heart to yours." "continuing to share space with you." "a space for every-body to feel welcomed, supported, and lovingly held."
A13: 10 | B13: Community Post | C13: Journey to Balance Program Announcement | D13: 2 | E13: 1 | F13: 2 | G13: 2 | H13: 1 | I13: =SUM(D13:H13) -> 8 | J13: "We will journey together." explore what that balance means to you in this season of your life." "an exclusive yoga practice with me." "encourage your friends and family to join in"
A14: 11 | B14: Community Post | C14: 100K Milestone + Unfold Membership Announcement | D14: 2 | E14: 0 | F14: 2 | G14: 1 | H14: 2 | I14: =SUM(D14:H14) -> 7 | J14: "I want YOU to create this space with me." "sacred online space for yoga, for empowerment, for sensuality." "I love you —thank you for being here."
A15: 12 | B15: Community Post | C15: 60K Thank You Message + Sweaty Goddess Flow | D15: 2 | E15: 0 | F15: 0 | G15: 2 | H15: 1 | I15: =SUM(D15:H15) -> 5 | J15: "I am so deeply thankful for all of you." Individual naming of 28 financial supporters, "family we are creating together."
A16: 13 | B16: Community Post | C16: Sensual Soma Retreat inBODY Announcement | D16: 2 | E16: 2 | F16: 2 | G16: 2 | H16: 2 | I16: =SUM(D16:H16) -> 10 | J16: "come together intimately and explore ourselves." "a deep, invitational journey." "sisterhood." "safe space to share, express, and explore." "space for 7 more women in our finca (retreat space)."
A17: COLUMN AVERAGES | D17: =ROUND(AVERAGE(D4:D16),2) -> 1.69 | E17: =ROUND(AVERAGE(E4:E16),2) -> 1.31 | F17: =ROUND(AVERAGE(F4:F16),2) -> 1.46 | G17: =ROUND(AVERAGE(G4:G16),2) -> 1.92 | H17: =ROUND(AVERAGE(H4:H16),2) -> 0.92 | I17: =ROUND(AVERAGE(I4:I16),2) -> 7.31

Sheet Raw_Qual_Data
A1: RAW QUALITATIVE DATA: The Bare Female Brand Content
A2: Units of analysis: Video descriptions and community posts ::::: Source: The Bare Female YouTube Channel June 2026
A3: # | B3: Source Type | C3: Content Unit Title | D3: Raw Content Text | E3: Coding Reference
A4: 1 | B4: Video Description | C4: Descent into the Body | Yin Yoga focused on the Yoni Mudra & the Lower Body | D4: This yin class invites you into a deeply feminine and intuitive space, guided by the ancient wisdom of Yoni Mudra. More than a hand gesture, Yoni Mudra is a sacred symbol – a portal – connecting you to the source within: your womb space, your center, your creative origin. Here, we soften, not to collapse, but to remember. To remember what it feels like to be in deep presence with yourself. To feel the emotions that live beneath the surface, the ones you don’t need to fix or figure out. This class is an invitation to descend – into your body, into your truth, into the quiet knowing of your feminine essence. Yoni Mudra becomes the thread we return to again and again throughout the practice – a gentle reminder that everything you seek is already within. You are held. You are enough. Welcome home. | E4: Qual_Content_Analysis Row 4
A5: 2 | B5: Video Description | C5: Restorative Evening Series Spine & Spirals | Soft Evening Yoga | D5: My love, this gentle, nurturing class is part of Restorative Evenings — a cozy 3-part series created to support you through this season with softness, presence, and care. In Spine & Spirals, we move slowly and with tenderness through spiral-inspired shapes that hydrate and awaken the spine. A practice to release the residue of the day — not just from your body, but from your heart and nervous system, too. This class is perfect for evenings when you crave grounding, spaciousness, and a moment to come home to yourself. You can access the full Restorative Evening Series inside my membership Unfold — including: ✧ Unwind the Hips ✧ Spine & Spirals (this one!) ✧ Soften the Heart. If you loved this class, come explore the full series with us on Unfold here: [Link] You are always welcome. With love, Lisa | E5: Qual_Content_Analysis Row 5
A6: 3 | B6: Video Description | C6: Move Through Fatigue/ Exhaustion | Somatic Release Yoga Class | D6: This class is part of the new series "Somatic Release Series - Empower Your Emotions." This soothing somatic release yoga class was designed to address fatigue and exhaustion. This class offers gentle, restorative movements that help release tension and replenish your energy as well as some more activating moments to revitalise your energetic body. We will explore our own heaviness and use it as a starting point for exploration This practice is your sanctuary for release, allowing you to embrace both rest and rejuvenation, hopefully leaving you feeling refreshed and empowered "Somatic Release Series - Empower Your Emotions," is a transformative journey designed to help you navigate and release the powerful emotions that shape our lives. In this series, I will guide you through a variety of classes, each focused on a different emotion, using the gentle and effective combination of yoga and somatic tools. We will explore common feelings such as overwhelm, exhaustion, grief, anger, anxiety, and more. Through mindful movement, breathwork, and other somatic practices, you'll learn how to be with and make space for these emotions in your body and gently release the tension they create. This series is about empowering you to embrace your emotions with compassion, understanding, and grace. Join me on this path of emotional empowerment and discover the strength within you to move through life’s challenges with resilience and ease [Link] | E6: Qual_Content_Analysis Row 6
A7: 4 | B7: Video Description | C7: Supine Yin Yoga | Deep Somatic Psoas Unwinding | D7: Discover the opening and deep relaxation of your psoas muscle through our Supine Yin Yoga class. This session is designed to guide you into a state of somatic unwinding, allowing your body to release tension and emotional holding patterns. Through gentle, sustained poses, you'll experience a nurturing journey inward, reconnecting with your body's innate wisdom and fostering a deep sense of peace. Knowing there is nothing for you to do other than to receive. Enjoy my loves | E7: Qual_Content_Analysis Row 7
A8: 5 | B8: Video Description | C8: You are everything | Yin & Yang Fusion | Embodying the Flow of Life | D8: Welcome to Day 7 of Journey to Balance! In this Yin and Yang fusion practice, we’ll play with circular movements—the circle as a powerful symbol of wholeness. Through flowing vinyasa sequences and grounding yin poses, we’ll explore the vastness of our being, both internally and externally. Circles, with no start or endpoint, remind us of life’s perpetual motion—the great rhythm of the universe. By tracing circles in our movements, we’ll cultivate a sense of completeness within, surrendering to the continuous journey rather than striving for a destination. This is your space to embody the infinite flow of life ◉ Missed the start? No worries! It’s never too late to join this free email journey. You can jump in at any point and catch up on all the practices and daily inspiration! This challenge is open to everyone and completely free. You will receive a super juicy email every day, packed with inspiration, practices and recipes. This email is the heart of this Journey! So make sure to subscribe to the emails to receive them! We will recommend practices for the days there's no new yoga class going live! There will be an exclusive Yoga practice with me every second day, each diving deeper into another layer of inner balance and Yin & Yang. Plus... there may be some special gifts and surprises at the end, for all those who join in! Sign up here to receive the daily emails and stay in the loop: [Link] We can’t wait to flow with you! See you on the mat! | E8: Qual_Content_Analysis Row 8
A9: 6 | B9: Video Description | C9: Liquid Motion | 20 Min Fluid Embodiment Flow | D9: Hello my love, This is a video of my exclusive course 'Embodied Love'. This course will be available on my Unfold membership page. However, to give you an insight, I am sharing one of the videos of this journey with you today. Today we tap into our innate fluidity. As we embark on the journey of movement on our mats, we not only explore our physical selves but also unearth the essence of who we truly are within. It is an opportunity to unravel the layers of conditioning that society has draped upon us, allowing our authentic truth to rise to the surface like a graceful stream flowing effortlessly. Through this exploration, we discover the freedom to express ourselves in ways we never thought possible, like water cascading down a serene waterfall, uninhibited and wholly unapologetic. If you want to see the entire course become part of our Unfold Community [Link] Or purchase the course separately: [Link] | E9: Qual_Content_Analysis Row 9
A10: 7 | B10: Video Description | C10: Unraveling The Day | Somatic Evening Yoga Flow For Downregulation | D10: This class is an invitation to lay down the day. Not just physically, but in every part of you. You will be gently guided through a practice that helps you soothe your nervous system, ground your body, and return to yourself — exactly as you are. Let yourself be held. By the earth, by the movement, by yourself. Accompanied by a specially composed soundscape by Ara Luna. What to expect A slow, body-led practice that invites you layer by layer into deeper relaxation and presence. You begin lying on your side, with a gentle breathing exercise and a first moment of arriving. From there the practice flows through soft, breath-guided movements — opening and gathering, expanding and returning — before leading you into deeper shapes and finally into a held Shavasana. You will need: a bolster or a thickly folded blanket, and optionally a block or a few books for Shavasana. | E10: Qual_Content_Analysis Row 10
A11: 8 | B11: Community Post | C11: Return After Absence + Pregnancy Announcement | D11: Hello my loves, You may have noticed that it’s been a little quiet around here lately… and I wanted to take a moment to share why. Over the past couple of months, I’ve been navigating a few things behind the scenes — not only the tender unfolding of my pregnancy (yes, our baby girl is arriving this October already! ) but also some unexpected issues with YouTube that needed a bit of extra care to sort out. It took a little longer than I hoped, but everything is working smoothly now, and I’m so happy to say: I’m back! I’ve missed showing up for you here. And I'm beyond excited to return with regular new uploads from now on. There are so many beautiful, nourishing classes waiting in the wings — and I can't wait to begin sharing them with you, beginning this Sunday! Thank you, from the bottom of my heart, for your patience, your presence, and your love as I move through this new chapter of life. It's a tender, transformative time — and knowing this community is still here, still breathing together, means more than words can say. And if you've been missing our practices together, I want to gently remind you that our Unfold membership space is always open for you. Inside Unfold, you'll find: ⚘ Hundreds of exclusive classes, meditations & somatic journeys ⚘ Replays of all live sessions ⚘ Weekly new uploads of yummy content ⚘ A beautiful library of guest teachers sharing their heart’s wisdom And perhaps most precious of all — a deeply supportive, loving community space. The Unfold community is truly the heart of what we do. It’s where like-minded souls come together in devotion to their practice, to their healing, and to meeting themselves in their real, honest humanness. You are always welcome there — exactly as you are. And because I know times can be tender and I want to make this space as accessible as possible, I’m offering you a 50% discount off your first month of the monthly plan — which means you’ll get full access to Unfold for only 12€ for you first month. Use this discount code: YOUTUBEFAMILY [Link] (Valid until October 1st – and only for the monthly plan!) Plus, there’s always a 7-day free trial, so you can feel it out and see if it resonates for you. Whether you join us in the membership, on the mat here on YouTube, or simply stay connected in this space — thank you for being here. I feel deeply grateful to walk alongside you. See you this Sunday for our first new class! With love and devotion, Lisa | E11: Qual_Content_Analysis Row 11
A12: 9 | B12: Community Post | C12: Personal Pregnancy Update + Prenatal Yoga Launch | D12: A little personal update from my heart to yours My dear YouTube family, As some of you who are following me on socials or are part of my membership Unfold already know: I’m pregnant with our baby girl! This journey has already been such a deeply humbling, magical, and tender experience — and I feel so honored to be walking it while continuing to share space with you here. As my body shifts and opens to new life, you can expect to see some new offerings here on the channel: gentle, nourishing prenatal yoga classes for anyone who is currently pregnant, consciously conceiving, or simply curious about connecting with their body in a softer, more intuitive way. The first prenatal yoga class is going live today, and it comes straight from my heart (and belly!) to yours. And please know — if you’re not on the pregnancy journey yourself — I’ll still continue to create and share a wide variety of classes and practices for all bodies and stages of life. This is and always will be a space for every-body to feel welcomed, supported and lovingly held. Thank you for being here with me, in all the phases of growth and change. I can’t wait to move, breathe, and expand with you in this next chapter. With so much love, Lisa | E12: Qual_Content_Analysis Row 12
A13: 10 | B13: Community Post | C13: Journey to Balance Program Announcement | D13: **Journey to Balance - Your 12 Day Journey** ** *It's almost here!* Sweet loves, We are so, SO excited to share with you that Journey to Balance, a very special 12-day journey, is starting on December 12th. **Watch the announcement video below** & [sign up here and you won’t miss a thing!] [Link] **Journey to Balance is designed to support and inspire you on the path towards more inner balance.** The softness of Yin and the strength of Yang resides in all of us, and this journey invites you to explore what that balance means to you in this season of your life. We will journey together **from December 12th until December 24th**. You will receive **a super juicy email every day**, **packed with inspiration, practices and recipes** *. This is the heart of this Journey! So make sure to subscribe to the emails to receive them! We will recommend practices for the days there's no new yoga class going live! There will be **an exclusive Yoga practice with me every other day**, each diving deeper into another layer of inner balance and Yin & Yang. Plus... there may be some **special gifts and surprises** at the end, for all those who join in! This journey is open to everyone. Practices will be shared on Youtube and you sign up for the daily emails using this [Link] As this challenge is completely free and accessible to everyone, why not **encourage your friends and family to join in**? We simply can't wait to journey with you! See you in a couple of days! With love, Lisa | E13: Qual_Content_Analysis Row 13
A14: 11 | B14: Community Post | C14: 100K Milestone + Unfold Membership Announcement | D14: Hi my loves! Okay, where do I start. First of all, there is a new TONE & FLOW Video going live this afternoon for you!!!! Second- I want to take this moment to say THANK YOU to every single one of you who is part of this online family. We have reached the 100.000 mark and I am still very much in disbelief, but also feeling insanely humbled and grateful There is so much in store for you and so many beautiful things I am in the midst of creating for you! Speaking of... I have some BIG NEWS. And I thought where else to share it first but here? With you! .... I am currently creating an ONLINE YOGA MEMBERSHIP A sacred online space for yoga, for empowerment, for sensuality. Where you will find all your favorite videos PLUS SO MUCH MORE! I will take you along the creation process because I want this membership to be our save space. I want YOU to create this space with me. In my last post I asked you what classes you want to see and I wrote them ALL down and have so many beautiful projects and ideas for this membership. However, if you have any thought about this space, any wishes, any desires- leave them below! The membership will be bilingual, so all classes will be available in English and German, just like my YouTube! I love you - thank you for being here | E14: Qual_Content_Analysis Row 14
A15: 12 | B15: Community Post | C15: 60K Thank You Message + Sweaty Goddess Flow | D15: Hello my loves! I hope you are all having a beautiful Sunday so far! I just uploaded a new video for you- a 'Sweaty Goddess Flow'. Such a yummy class. The German version will go live later today, so don't worry I am so deeply thankful for all of you- for your constant support, your sweet words and your dedication to yourself and your practice! You all inspire me so much! We are almost at 60.000 in our little online family and it truly blows my mind. I want to say a HUGE heartfelt thank you to everyone who supported me via PayPal the past months! It truly helps me so much to create more content and to keep uploading regularly! Thank you to: Jaqueline, Andrea, Coralie, Sonia, Ellie, Pia, Sanja, Antje, Stefanie, Sissy, Leah, Melanie, Sabine, Elisa, Katja, Serena, Tommy, Madhavan, Ina, Franziska, Daniela, Julia, Susanne, Lou, Christian, Martina, Shannon, Kristina I am deeply humbled by your support and your love and I am so excited to see where the journey will take us and this family we are creating together! | E15: Qual_Content_Analysis Row 15
A16: 13 | B16: Community Post | C16: Sensual Soma Retreat inBODY Announcement | D16: That's right, you heard it here first: The Sensual Soma is not just a training - The Sensual Soma retreat is here! This April join us LIVE for a deep dive inBODY in an absolutely breathtaking location This is our opportunity to come together intimately and explore ourselves with the divine support of one another. In the idealic setting nestled between mountains on the Balearic haven that is Mallorca, we will explore ourselves. inBODY | Somatics, Tantra, Yoga & Sisterhood 30th of April - 4th of May 2024 [Link] (the entire retreat will be in English!) A quest back into the body, our relationship with ourselves and to sisterhood. Tantric rituals, Somatic practices, yin & sensual yoga, intimacy building, sacred rage & blue lotus ceremony just to name a few. This is an invitation to take a deep exhale and come back to safety within the body, a safe space to share, express & explore. This is a deep invitational journey. Wether it be a need to connect deeper with others, to connect deeper with yourself, to take a trip to Mallorcas breathtaking nature and beauty, rest & rejuvenation, yoga, movement, dance, embodiment or all the above - this my love, is your invitation. You could never regret investing in your relationship with yourself, connection to yourself aids connection to your whole life and everyone who passes through it. We already have an amazing group of women from all over the world and we have space for 7 more women in our finca! Find out more through the link | E16: Qual_Content_Analysis Row 16

Sheet Quant_Comment_Coding
A1: THE BARE FEMALE: Quantitative Audience Comment Coding
A2: Dimensions 1 - 5: 0 = Absent | 1 = Present | 2 = Prominent :::::: Sentiment: 1 = Negative | 2 = Neutral | 3 = Positive
A3: # | B3: Source Video | C3: Commenter | D3: Raw Comment Text | E3: Sense of Belonging | F3: Parasocial Intimacy | G3: Inner Authority Mirroring | H3: Emotional & Somatic Transformation | I3: Loyalty & Sustained Engagement | J3: Overall Sentiment | K3: TOTAL SCORE | L3: Notable Quotes / Examples
A4: 1 | B4: Descent into the Body | Yin Yoga (Yoni Mudra) | C4: @aninhacabarbosa | D4: How grateful I am to have found you and your channel. Every practice is deep, powerful, and yet simple... It's always transformative to be with you. | E4: 1 | F4: 1 | G4: 0 | H4: 1 | I4: 2 | J4: 3 | K4: =SUM(E4:J4) -> 8 | L4: General warmth:'Every practice' + 'always transformative' signals loyalty. No specific somatic account.
A5: 2 | B5: Descent into the Body | Yin Yoga (Yoni Mudra) | C5: @drsmitakumar1 | D5: This was such a beautiful and powerful practice. I just finished hosting a 6day healing retreat on embracing your dark feminine and this practice brought some very powerful insights...connecting with the same energy at a deeper level. Thank you for such a powerful and beautiful practice. Lots of love and gratitude to you and your wisdom! | E5: 1 | F5: 2 | G5: 1 | H5: 2 | I5: 1 | J5: 3 | K5: =SUM(E5:J5) -> 10 | L5: Specific embodied context (retreat). 'Connecting with same energy' = mild belonging.
A6: 3 | B6: Descent into the Body | Yin Yoga (Yoni Mudra) | C6: @NevaehDaniels-u8g | D6: This was so transformative, thank you. I started and found myself steeping in frustration, loneliness, worries, and anger. Throughout this practice these emotions were allowed to be heavy and here. Thank you | E6: 0 | F6: 0 | G6: 1 | H6: 2 | I6: 0 | J6: 3 | K6: =SUM(E6:J6) -> 6 | L6: 'Emotions were allowed to be heavy' = self-acceptance language. Specific emotional account.
A7: 4 | B7: Descent into the Body | Yin Yoga (Yoni Mudra) | C7: @JasmineYospanya | D7: What a beautiful practice... found the yoni mudra so healing and meaningful as I am in my pre-menstrual phase. What a lovely practice to prepare for my bleeding. Sending love, hope you and your sweet girl are doing so well. | E7: 0 | F7: 2 | G7: 1 | H7: 2 | I7: 1 | J7: 3 | K7: =SUM(E7:J7) -> 9 | L7: Intimate concern for Lisa's pregnancy. Cycle-specific body awareness.
A8: 5 | B8: Descent into the Body | Yin Yoga (Yoni Mudra) | C8: @emmamatos5416 | D8: This felt very sacred. Thank you. I received these words in my spirit… I give and receive love fully, I trust in love, I am love. Thank you Lisa | E8: 1 | F8: 1 | G8: 2 | H8: 2 | I8: 0 | J8: 3 | K8: =SUM(E8:J8) -> 9 | L8: 'I trust in love, I am love' = explicit inner authority brand language mirrored back.
A9: 6 | B9: Restorative Evening Series: Spine & Spirals | C9: @allisou | D9: This has been a very unique class to me. I don't know if somatic or something, but it moved emotions out of me. It's actually the first time that I cried during a yoga class. Thank you, this was very freeing. | E9: 1 | F9: 0 | G9: 0 | H9: 2 | I9: 0 | J9: 3 | K9: =SUM(E9:J9) -> 6 | L9: First-time emotional release. Notable that she doesn't know the word 'somatic' yet — possibly new audience.
A10: 7 | B10: Restorative Evening Series: Spine & Spirals | C10: @dragoonskaia7602 | D10: Hello, Lisa! During this class I experienced a profound emotional release, at last I found peace and felt total surrender. I think, piano music added to the effect, too. Thank you for such a deep practice. | E10: 0 | F10: 1 | G10: 1 | H10: 2 | I10: 0 | J10: 3 | K10: =SUM(E10:J10) -> 7 | L10: 'Total surrender' echoes brand rhetoric of surrender. Profound emotional release = specific.
A11: 8 | B11: Restorative Evening Series: Spine & Spirals | C11: @shyguyscottyy | D11: Thank you for this I cried so much and it truly felt like I was bowing and kneeling towards myself, to my body what a way to end 2025 and begin 2026. I appreciate this practice and you for sharing with us very much | E11: 1 | F11: 1 | G11: 2 | H11: 2 | I11: 0 | J11: 3 | K11: =SUM(E11:J11) -> 9 | L11: 'Bowing and kneeling towards myself, to my body' = explicit self-reverence. Brand inner authority rhetoric.
A12: 9 | B12: Restorative Evening Series: Spine & Spirals | C12: @brodriguez8985 | D12: So lovely...thank you it truly did feel like honey was flowing. You are so peaceful and your practices are incredibly nourishing | E12: 0 | F12: 1 | G12: 0 | H12: 1 | I12: 1 | J12: 3 | K12: =SUM(E12:J12) -> 6 | L12: Sensory somatic metaphor ('honey flowing'). Brief but warm. 'Practices incredibly nourishing' = loyalty signal.
A13: 10 | B13: Move Through Fatigue / Exhaustion | Somatic Release | C13: @julieragot8050 | D13: An absolute gem for when the body is in a state of collapse, gentle, kind and compassionate, working with and not against the heaviness. Gentle strengthening that doesn't overwhelm my system, very complete, love the gentle shaking to move a bit of stagnant energy, the grounding elements that bring back a sense of safety and connection. Very beautiful and so needed, thank you | E13: 1 | F13: 0 | G13: 1 | H13: 2 | I13: 0 | J13: 3 | K13: =SUM(E13:J13) -> 7 | L13: 'Safety and connection' echoes brand. Specific body state ('state of collapse'). Detailed somatic.
A14: 11 | B14: Move Through Fatigue / Exhaustion | Somatic Release | C14: @arriveyoga | D14: Yet another transformative loving flow. Truly in love with the love you put in all your videos. This is an amazing topic to share as well, I feel everyone can truly relate and benefit from this beautiful series. I highly recommend to watch the intro to this series also, you explain very well and help set the mindset for the practice perfectly. Thanks again for sharing your beautiful gifts with us Lisa! | E14: 1 | F14: 2 | G14: 0 | H14: 1 | I14: 2 | J14: 3 | K14: =SUM(E14:J14) -> 9 | L14: 'Yet another' + 'Thanks again' = clear repeat viewer. 'Truly in love with the love' + 'Highly recommend' = active evangelism.
A15: 12 | B15: Move Through Fatigue / Exhaustion | Somatic Release | C15: @meditatewithjune | D15: Lisa, thank you for your wonderful classes! I love your flow, and I always feel so held. This path of femininity resonates deeply, which is why I've launched my own YouTube channel offering meditation classes for women. | E15: 1 | F15: 1 | G15: 1 | H15: 1 | I15: 2 | J15: 3 | K15: =SUM(E15:J15) -> 9 | L15: High loyalty: launched own channel inspired by Lisa. 'Always feel so held' = brand language.
... A27: 24 | B27: You Are Everything | Yin & Yang Fusion | C27: @QuintessentialMoo | D27: Thank you so much for this practice Mama Bare, I don't normally enjoy chattiness during yoga but this was particularly remarkable. Your words were truly nourishing. | E27: 0 | F27: 2 | G27: 0 | H27: 1 | I27: 0 | J27: 3 | K27: =SUM(E27:J27) -> 6 | L27: 'Mama Bare' = intimate nickname, highest parasocial marker in dataset.
A28: COLUMN AVERAGES | E28: =ROUND(AVERAGE(E4:E27),2) -> 0.88 | F28: =ROUND(AVERAGE(F4:F27),2) -> 1.25 | G28: =ROUND(AVERAGE(G4:G27),2) -> 0.88 | H28: =ROUND(AVERAGE(H4:H27),2) -> 1.5 | I28: =ROUND(AVERAGE(I4:I27),2) -> 1.17 | J28: =ROUND(AVERAGE(J4:J27),2) -> 3 | K28: =ROUND(AVERAGE(K4:K27),2) -> 8.67

Sheet Analysis_Summary
B1: ANALYSIS SUMMARY: The Bare Female Mixed-Method Research Analysis
B2: QUALITATIVE: Average Score Per Category (0 - 2 scale)
B3: Category | H3: All Units | I3: Video Descriptions | J3: Community Posts
B4: Community Language | H4: =Qual_Content_Analysis!D17 -> 1.69 | I4: =ROUND(AVERAGE(Qual_Content_Analysis!D4:D10),2) -> 1.43 | J4: =ROUND(AVERAGE(Qual_Content_Analysis!D11:D16),2) -> 2
B5: Inner Authority References | H5: =Qual_Content_Analysis!E17 -> 1.31 | I5: =ROUND(AVERAGE(Qual_Content_Analysis!E4:E10),2) -> 1.71 | J5: =ROUND(AVERAGE(Qual_Content_Analysis!E11:E16),2) -> 0.83
B6: Engagement Prompts | H6: =Qual_Content_Analysis!F17 -> 1.46 | I6: =ROUND(AVERAGE(Qual_Content_Analysis!F4:F10),2) -> 1.29 | J6: =ROUND(AVERAGE(Qual_Content_Analysis!F11:F16),2) -> 1.67
B7: Values Alignment | H7: =Qual_Content_Analysis!G17 -> 1.92 | I7: =ROUND(AVERAGE(Qual_Content_Analysis!G4:G10),2) -> 2 | J7: =ROUND(AVERAGE(Qual_Content_Analysis!G11:G16),2) -> 1.83
B8: Exclusivity | H8: =Qual_Content_Analysis!H17 -> 0.92 | I8: =ROUND(AVERAGE(Qual_Content_Analysis!H4:H10),2) -> 0.57 | J8: =ROUND(AVERAGE(Qual_Content_Analysis!H11:H16),2) -> 1.33
B9: Total Score | H9: =Qual_Content_Analysis!I17 -> 7.31 | I9: =ROUND(AVERAGE(Qual_Content_Analysis!I4:I10),2) -> 7 | J9: =ROUND(AVERAGE(Qual_Content_Analysis!I11:I16),2) -> 7.67
B11: QUANTITATIVE: Average Score Per Dimension (0 - 2 scale) ::::: Sentiment (1-3 scale)
B13: Sense of Belonging | H13: =Quant_Comment_Coding!E28 -> 0.88
B14: Parasocial Intimacy | H14: =Quant_Comment_Coding!F28 -> 1.25
B15: Inner Authority Mirroring | H15: =Quant_Comment_Coding!G28 -> 0.88
B16: Emotional & Somatic Transformation | H16: =Quant_Comment_Coding!H28 -> 1.5
B17: Loyalty & Sustained Engagement | H17: =Quant_Comment_Coding!I28 -> 1.17
B18: Overall Sentiment | H18: =Quant_Comment_Coding!J28 -> 3
B19: Total Score | H19: =Quant_Comment_Coding!K28 -> 8.67
B22: RESEARCH COMMENTARY & NOTES
B24: Qualitative: Brand-Side Content Analysis
B25: Dominant Category & Significance | E25: Values Alignment scored highest at 1.92 across all 13 content units. This indicates that shared beliefs around somatic healing, embodiment, feminine wisdom, and nervous system regulation directly inform the brand. Almost every piece of content Lisa publishes, whether a video description or a community post, uses philosophy-infused language. This is an effective differentiation method in a crowded wellness market.
B26: Exclusivity Finding | E26: Exclusivity scored lowest at 0.92, and is the only category below 1.0. This may relate to YouTube being a free, open channel, so hard exclusivity framing could detract from the brand's community-driven values. Exclusivity scores high when commercial content is spotlighted. It may also point to intentional rhetoric aimed at empowering each individual to choose instead of pressuring audience purchases.
B27: Content Type Comparison: Video Descriptions vs Community Posts | E27: Community posts score higher at 2.0 on Community Language than video descriptions, which average 1.43. This makes sense relationally as community posts are conversational, update-oriented, and event-driven. Video descriptions, which convey philosophical depth, score higher on Inner Authority References at 1.71, versus 0.83 for posts. Community posts handle relationship building and logistics, making the two content types, and brand voices, function complementarily to one another.
B28: Quantitative: Audience Comment Coding
B29: Dominant Dimension & significance | E29: Emotional & Somatic Transformation scored highest at 1.50, by a wide margin. Viewers are describing cathartic, embodied experiences: crying, trembling, releasing tension, discovering their cycle, moving through grief. This directly mirrors the brand's top category: Values Alignment.
B30: Sentiment Uniformity | E30: Overall Sentiment averaged a perfect 3.0. Every comment in the sample scored positive/enthusiastic. While this may reflect a sampling limitation, it could also indicate cohesiveness and general positivity within Lisa's community, as neutral or critical voices do not present. This can be considered both a data quality caveat, as well as a possible brand strength indicator.
B31: Parasocial Intimacy vs Sense of Belonging | E31: Parasocial Intimacy at 1.25 scored notably higher than Sense of Belonging at 0.88. Viewers connect to Lisa intimately, calling her 'dear Lisa,' 'Mama Bare,' 'an angel,' and expressing love directly to her, a great deal more than they convey feeling part of a community or any intimacy toward one another.
B32: Integrative Insights: Connecting Qualitative & Quantitative Findings
B33: Alignment: Somatic Depth | E33: The clearest intersection forms between the brand's Values Alignment dominance and the audience's Emotional & Somatic Transformation response. Lisa consistently speaks about transformation, embodiment, and feminine healing, and viewers report experiencing exactly those transcendent qualities. Brand rhetoric and audience outcome therefore appear well-aligned.
B34: Partial Convergence: Inner Authority | E34: Inner Authority References (self-trust, coming home to the body) scored 1.31 on the branding, yet Inner Authority Mirroring scored only 0.88 on the audience side. Viewers seem to feel the somatic effect more than they articulate the philosophy related to their felt experience.
B35: Divergence: Community Framing vs Community Experience | E35: Community Language is the second-highest brand category at 1.69, but Sense of Belonging is the lowest audience dimension at 0.88. Lisa uses inclusive language ('our family,' 'sweet loves,' 'we journey together') consistently, yet viewers experience the channel primarily as a direct, personal relationship with Lisa rather than as a platform to connect as a larger community.
B36: Key Data Points | E36: Eight comments scored 10+ out of 12 possible points, connecting across all dimensions: Belonging, Parasocial Intimacy, Inner Authority Mirroring, Somatic Transformation, and Loyalty. These comments contain the richest language for understanding the depth of connection cultivated by the brand. Also noteworthy that 33% of our sample exemplifies "superfan" status, pointing to potential further research in spotlighting these lifeblood brand-audience relationships.

Sheet Coding_Instruments
B1: DATA COLLECTION INSTRUMENTS: The Bare Female Market Research
B2: ⚑ Methodological Note: The original research proposal included pinned/featured comments as a third unit of critique for the qualitative content analysis. Upon conducting fieldwork, it was determined that The Bare Female does not use the pinned comment feature. The sample was therefore redistributed across video descriptions and community posts.
B4: A. Qualitative Content Analysis Coding Schema | L4: B. Quantitative Audience Response Coding Rubric
B5: Units of Analysis: Individual video descriptions & community posts. ::::: Coding Scale: 0 = Absent | 1 = Present | 2 = Prominent | L5: Unit of Analysis: YouTube Comments Dimensions 1 - 5: 0 = Absent | 1 = Present | 2 = Prominent Sentiment: 1 = Negative | 2 = Neutral | 3 = Positive
B6: Category | E6: Operational Definition | H6: Examples | L6: Dimension | O6: Indicators | R6: Score Descriptions
B7: Community Language | E7: Use of inclusive pronouns, group identity terms, belonging cues | H7: “Help support you,” “loving community,” “connective sisterhood” | L7: Sense of Belonging | O7: Describes feeling part of community, group, shared space, including language related to being held, witnessed, not alone. | R7: 0 = No belonging language 1 = Positive group feeling (“I love this community!”) 2 = Deep relational language (“I finally found my people”)
B8: Inner Authority References | E8: Messaging that locates wisdom, healing, and guidance within the self | H8: Self-trust cues, embodiment references, and return/homecoming metaphors | L8: Parasocial Intimacy with Instructor | O8: Addresses or describes the instructor with relational, emotional, or friendship-oriented language. | R8: 0 = No personal reference 1 = Warm but general (“she’s great,” “I love her energy”) 2 = Intimate framing (“she feels like a friend,” “your presence means everything”)
B9: Engagement Prompts | E9: Direct calls to interact, comment, share or respond | H9: “Journey invites you,” “Dive into your body,” “help you navigate” | L9: Inner Authority Mirroring | O9: Echoes the brand’s self-trust / inner wisdom rhetoric, describing changes in self-perception, body trust, or self-acceptance. | R9: 0 = Absent 1 = Self-improvement language (“I feel better about myself”) 2 = Explicit usage of brand rhetoric (“I’m learning to trust myself,” “Coming home to my body”)
B10: Values Alignment | E10: Messaging that signals shared beliefs or lifestyle identity | H10: References to transformation, mindful living, authentic expression, soulful | L10: Emotional & Somatic Transformation | O10: Describes personal growth, emotional shift, embodiment or life change, pertaining to body acceptance, cyclical living or healing. | R10: 0 = Absent 1 = Vague or brief mention (“it changed me”) 2 = Specific, embodied account (“I removed my IUD and began honoring my monthly cycle”)
B11: Exclusivity | E11: Content framing membership as special or privileged | H11: “Exclusive bundles,” “Retreats for women,” “sacred online membership” | L11: Loyalty & Sustained Engagement | O11: Mentions continued use, long membership, returning after absence, or makes strong recommendations. | R11: 0 = Absent 1 = Implied continued use or positive recommendation 2 = Explicit loyalty statement, duration mentioned, active evangelism
L12: Overall Sentiment | O12: General emotional tone of comment or review. | R12: 1 = Negative / critical 2 = Neutral / mixed 3 = Positive / enthusiastic

Sheet Tableau_Data
A1: Category | B1: Content_Type | C1: Score
A2: Community Language | B2: All Units | C2: 1.69
A3: Community Language | B3: Video Descriptions | C3: 1.43
A4: Community Language | B4: Community Posts | C4: 2
A5: Inner Authority References | B5: All Units | C5: 1.31
A6: Inner Authority References | B6: Video Descriptions | C6: 1.71
A7: Inner Authority References | B7: Community Posts | C7: 0.83
A8: Engagement Prompts | B8: All Units | C8: 1.46
A9: Engagement Prompts | B9: Video Descriptions | C9: 1.29
A10: Engagement Prompts | B10: Community Posts | C10: 1.67
A11: Values Alignment | B11: All Units | C11: 1.92
A12: Values Alignment | B12: Video Descriptions | C12: 2
A13: Values Alignment | B13: Community Posts | C13: 1.83
... A16: Exclusivity | B16: Community Posts | C16: 1.33
A18: Dimension | B18: Score
A19: Emotional & Somatic Transformation | B19: 1.5
A20: Parasocial Intimacy | B20: 1.25
A21: Loyalty & Sustained Engagement | B21: 1.17
A22: Sense of Belonging | B22: 0.88
A23: Inner Authority Mirroring | B23: 0.88
A25: Dimension_Pair | B25: Side | C25: Category | D25: Score
A26: Values & Somatic | B26: Brand | C26: Values Alignment | D26: 1.92
A27: Values & Somatic | B27: Audience | C27: Emotional & Somatic Transformation | D27: 1.5
A28: Inner Authority | B28: Brand | C28: Inner Authority References | D28: 1.31
A29: Inner Authority | B29: Audience | C29: Inner Authority Mirroring | D29: 0.88
